market,report_date,usable_from,comm_net,noncomm_net,nonrep_net,oi
GOLD - COMMODITY EXCHANGE INC.,2023-01-03,2023-01-06,-159974.0,141666.0,18308.0,449393.0
GOLD - COMMODITY EXCHANGE INC.,2023-01-10,2023-01-13,-172478.0,150535.0,21943.0,481519.0
GOLD - COMMODITY EXCHANGE INC.,2023-01-17,2023-01-20,-175913.0,153240.0,22673.0,491818.0
GOLD - COMMODITY EXCHANGE INC.,2023-01-24,2023-01-27,-180554.0,157673.0,22881.0,499927.0
GOLD - COMMODITY EXCHANGE INC.,2023-01-31,2023-02-03,-180520.0,160281.0,20239.0,471642.0
GOLD - COMMODITY EXCHANGE INC.,2023-02-07,2023-02-10,-152966.0,128815.0,24151.0,439755.0
GOLD - COMMODITY EXCHANGE INC.,2023-02-14,2023-02-17,-129072.0,105529.0,23543.0,426116.0
GOLD - COMMODITY EXCHANGE INC.,2023-02-21,2023-02-24,-129355.0,107101.0,22254.0,422648.0
GOLD - COMMODITY EXCHANGE INC.,2023-02-28,2023-03-03,-127487.0,108593.0,18894.0,426890.0
GOLD - COMMODITY EXCHANGE INC.,2023-03-07,2023-03-10,-118920.0,98474.0,20446.0,458474.0
GOLD - COMMODITY EXCHANGE INC.,2023-03-14,2023-03-17,-155440.0,140331.0,15109.0,459064.0
GOLD - COMMODITY EXCHANGE INC.,2023-03-21,2023-03-24,-183568.0,158605.0,24963.0,469874.0
GOLD - COMMODITY EXCHANGE INC.,2023-03-28,2023-03-31,-201508.0,181630.0,19878.0,478611.0
GOLD - COMMODITY EXCHANGE INC.,2023-04-04,2023-04-07,-218250.0,195216.0,23034.0,476592.0
GOLD - COMMODITY EXCHANGE INC.,2023-04-11,2023-04-14,-216548.0,192745.0,23803.0,476567.0
GOLD - COMMODITY EXCHANGE INC.,2023-04-18,2023-04-21,-216425.0,189893.0,26532.0,482254.0
GOLD - COMMODITY EXCHANGE INC.,2023-04-25,2023-04-28,-211928.0,185264.0,26664.0,473209.0
GOLD - COMMODITY EXCHANGE INC.,2023-05-02,2023-05-05,-217584.0,195567.0,22017.0,493804.0
GOLD - COMMODITY EXCHANGE INC.,2023-05-09,2023-05-12,-222515.0,195814.0,26701.0,518951.0
GOLD - COMMODITY EXCHANGE INC.,2023-05-16,2023-05-19,-211557.0,179814.0,31743.0,521832.0
GOLD - COMMODITY EXCHANGE INC.,2023-05-23,2023-05-26,-187023.0,160732.0,26291.0,479080.0
GOLD - COMMODITY EXCHANGE INC.,2023-05-30,2023-06-02,-190005.0,169316.0,20689.0,449515.0
GOLD - COMMODITY EXCHANGE INC.,2023-06-06,2023-06-09,-198187.0,175641.0,22546.0,436301.0
GOLD - COMMODITY EXCHANGE INC.,2023-06-13,2023-06-16,-186062.0,160209.0,25853.0,432898.0
GOLD - COMMODITY EXCHANGE INC.,2023-06-20,2023-06-23,-186537.0,162975.0,23562.0,438037.0
GOLD - COMMODITY EXCHANGE INC.,2023-06-27,2023-06-30,-175335.0,151910.0,23425.0,431861.0
GOLD - COMMODITY EXCHANGE INC.,2023-07-03,2023-07-06,-184717.0,163097.0,21620.0,448063.0
GOLD - COMMODITY EXCHANGE INC.,2023-07-11,2023-07-14,-187749.0,165754.0,21995.0,483170.0
GOLD - COMMODITY EXCHANGE INC.,2023-07-18,2023-07-21,-213715.0,193348.0,20367.0,482104.0
GOLD - COMMODITY EXCHANGE INC.,2023-07-25,2023-07-28,-198210.0,173639.0,24571.0,476176.0
GOLD - COMMODITY EXCHANGE INC.,2023-08-01,2023-08-04,-186845.0,164924.0,21921.0,439383.0
GOLD - COMMODITY EXCHANGE INC.,2023-08-08,2023-08-11,-167554.0,142985.0,24569.0,427759.0
GOLD - COMMODITY EXCHANGE INC.,2023-08-15,2023-08-18,-141930.0,121136.0,20794.0,433611.0
GOLD - COMMODITY EXCHANGE INC.,2023-08-22,2023-08-25,-121036.0,101946.0,19090.0,430239.0
GOLD - COMMODITY EXCHANGE INC.,2023-08-29,2023-09-01,-140594.0,123272.0,17322.0,442806.0
GOLD - COMMODITY EXCHANGE INC.,2023-09-05,2023-09-08,-158239.0,138006.0,20233.0,438672.0
GOLD - COMMODITY EXCHANGE INC.,2023-09-12,2023-09-15,-144810.0,123864.0,20946.0,441221.0
GOLD - COMMODITY EXCHANGE INC.,2023-09-19,2023-09-22,-152932.0,135163.0,17769.0,438078.0
GOLD - COMMODITY EXCHANGE INC.,2023-09-26,2023-09-29,-134836.0,115815.0,19021.0,435620.0
GOLD - COMMODITY EXCHANGE INC.,2023-10-03,2023-10-06,-111982.0,91226.0,20756.0,431226.0
GOLD - COMMODITY EXCHANGE INC.,2023-10-10,2023-10-13,-90428.0,71433.0,18995.0,436499.0
GOLD - COMMODITY EXCHANGE INC.,2023-10-17,2023-10-20,-127999.0,112738.0,15261.0,439581.0
GOLD - COMMODITY EXCHANGE INC.,2023-10-24,2023-10-27,-165873.0,149385.0,16488.0,463476.0
GOLD - COMMODITY EXCHANGE INC.,2023-10-31,2023-11-03,-182707.0,163425.0,19282.0,475808.0
GOLD - COMMODITY EXCHANGE INC.,2023-11-07,2023-11-10,-186091.0,166216.0,19875.0,484347.0
GOLD - COMMODITY EXCHANGE INC.,2023-11-14,2023-11-17,-177019.0,155376.0,21643.0,486634.0
GOLD - COMMODITY EXCHANGE INC.,2023-11-21,2023-11-24,-190235.0,171705.0,18530.0,508429.0
GOLD - COMMODITY EXCHANGE INC.,2023-11-28,2023-12-01,-218592.0,200084.0,18508.0,505658.0
GOLD - COMMODITY EXCHANGE INC.,2023-12-05,2023-12-08,-226945.0,203544.0,23401.0,487469.0
GOLD - COMMODITY EXCHANGE INC.,2023-12-12,2023-12-15,-212808.0,188233.0,24575.0,469939.0
GOLD - COMMODITY EXCHANGE INC.,2023-12-19,2023-12-22,-227058.0,201339.0,25719.0,481203.0
GOLD - COMMODITY EXCHANGE INC.,2023-12-26,2023-12-29,-232345.0,207718.0,24627.0,491343.0
GOLD - COMMODITY EXCHANGE INC.,2024-01-02,2024-01-05,-235478.0,207649.0,27829.0,500364.0
GOLD - COMMODITY EXCHANGE INC.,2024-01-09,2024-01-12,-217701.0,188614.0,29087.0,489849.0
GOLD - COMMODITY EXCHANGE INC.,2024-01-16,2024-01-19,-207420.0,179893.0,27527.0,489334.0
GOLD - COMMODITY EXCHANGE INC.,2024-01-23,2024-01-26,-192093.0,169474.0,22619.0,465872.0
GOLD - COMMODITY EXCHANGE INC.,2024-01-30,2024-02-02,-170518.0,147791.0,22727.0,430328.0
GOLD - COMMODITY EXCHANGE INC.,2024-02-06,2024-02-09,-180241.0,161738.0,18503.0,419121.0
GOLD - COMMODITY EXCHANGE INC.,2024-02-13,2024-02-16,-152980.0,131168.0,21812.0,420812.0
GOLD - COMMODITY EXCHANGE INC.,2024-02-20,2024-02-23,-159411.0,140262.0,19149.0,407063.0
GOLD - COMMODITY EXCHANGE INC.,2024-02-27,2024-03-01,-158352.0,141636.0,16716.0,411195.0
GOLD - COMMODITY EXCHANGE INC.,2024-03-05,2024-03-08,-206792.0,191293.0,15499.0,471616.0
GOLD - COMMODITY EXCHANGE INC.,2024-03-12,2024-03-15,-218273.0,201602.0,16671.0,516057.0
GOLD - COMMODITY EXCHANGE INC.,2024-03-19,2024-03-22,-217530.0,201602.0,15928.0,535047.0
GOLD - COMMODITY EXCHANGE INC.,2024-03-26,2024-03-29,-218340.0,199294.0,19046.0,503642.0
GOLD - COMMODITY EXCHANGE INC.,2024-04-02,2024-04-05,-225714.0,207250.0,18464.0,500045.0
GOLD - COMMODITY EXCHANGE INC.,2024-04-09,2024-04-12,-224582.0,202419.0,22163.0,505214.0
GOLD - COMMODITY EXCHANGE INC.,2024-04-16,2024-04-19,-222758.0,201923.0,20835.0,517193.0
GOLD - COMMODITY EXCHANGE INC.,2024-04-23,2024-04-26,-226872.0,202891.0,23981.0,516249.0
GOLD - COMMODITY EXCHANGE INC.,2024-04-30,2024-05-03,-227498.0,204210.0,23288.0,519791.0
GOLD - COMMODITY EXCHANGE INC.,2024-05-07,2024-05-10,-227266.0,199567.0,27699.0,529835.0
GOLD - COMMODITY EXCHANGE INC.,2024-05-14,2024-05-17,-232110.0,204496.0,27614.0,522952.0
GOLD - COMMODITY EXCHANGE INC.,2024-05-21,2024-05-24,-258663.0,229806.0,28857.0,530591.0
GOLD - COMMODITY EXCHANGE INC.,2024-05-28,2024-05-31,-260950.0,236585.0,24365.0,485430.0
GOLD - COMMODITY EXCHANGE INC.,2024-06-04,2024-06-07,-265931.0,237302.0,28629.0,447488.0
GOLD - COMMODITY EXCHANGE INC.,2024-06-11,2024-06-14,-260511.0,233926.0,26585.0,436857.0
GOLD - COMMODITY EXCHANGE INC.,2024-06-18,2024-06-21,-267730.0,243084.0,24646.0,444345.0
GOLD - COMMODITY EXCHANGE INC.,2024-06-25,2024-06-28,-271488.0,246229.0,25259.0,452190.0
GOLD - COMMODITY EXCHANGE INC.,2024-07-02,2024-07-05,-264799.0,241543.0,23256.0,454730.0
GOLD - COMMODITY EXCHANGE INC.,2024-07-09,2024-07-12,-280629.0,254775.0,25854.0,516324.0
GOLD - COMMODITY EXCHANGE INC.,2024-07-16,2024-07-19,-309304.0,285024.0,24280.0,579862.0
GOLD - COMMODITY EXCHANGE INC.,2024-07-23,2024-07-26,-300925.0,273074.0,27851.0,572306.0
GOLD - COMMODITY EXCHANGE INC.,2024-07-30,2024-08-02,-272857.0,246601.0,26256.0,510914.0
GOLD - COMMODITY EXCHANGE INC.,2024-08-06,2024-08-09,-269034.0,238749.0,30285.0,480645.0
GOLD - COMMODITY EXCHANGE INC.,2024-08-13,2024-08-16,-292502.0,267264.0,25238.0,505872.0
GOLD - COMMODITY EXCHANGE INC.,2024-08-20,2024-08-23,-316506.0,291253.0,25253.0,532867.0
GOLD - COMMODITY EXCHANGE INC.,2024-08-27,2024-08-30,-322319.0,294445.0,27874.0,521759.0
GOLD - COMMODITY EXCHANGE INC.,2024-09-03,2024-09-06,-311887.0,287558.0,24329.0,511136.0
GOLD - COMMODITY EXCHANGE INC.,2024-09-10,2024-09-13,-306899.0,282501.0,24398.0,511501.0
GOLD - COMMODITY EXCHANGE INC.,2024-09-17,2024-09-20,-335127.0,310066.0,25061.0,537627.0
GOLD - COMMODITY EXCHANGE INC.,2024-09-24,2024-09-27,-339706.0,315390.0,24316.0,564640.0
GOLD - COMMODITY EXCHANGE INC.,2024-10-01,2024-10-04,-327524.0,299931.0,27593.0,533107.0
GOLD - COMMODITY EXCHANGE INC.,2024-10-08,2024-10-11,-303976.0,278180.0,25796.0,520316.0
GOLD - COMMODITY EXCHANGE INC.,2024-10-15,2024-10-18,-312658.0,286434.0,26224.0,541232.0
GOLD - COMMODITY EXCHANGE INC.,2024-10-22,2024-10-25,-324701.0,296204.0,28497.0,573760.0
GOLD - COMMODITY EXCHANGE INC.,2024-10-29,2024-11-01,-303671.0,278653.0,25018.0,579468.0
GOLD - COMMODITY EXCHANGE INC.,2024-11-05,2024-11-08,-283059.0,255329.0,27730.0,558034.0
GOLD - COMMODITY EXCHANGE INC.,2024-11-12,2024-11-15,-265582.0,236451.0,29131.0,535981.0
GOLD - COMMODITY EXCHANGE INC.,2024-11-19,2024-11-22,-262322.0,234367.0,27955.0,502952.0
GOLD - COMMODITY EXCHANGE INC.,2024-11-26,2024-11-29,-272520.0,250338.0,22182.0,472660.0
GOLD - COMMODITY EXCHANGE INC.,2024-12-03,2024-12-06,-286275.0,259736.0,26539.0,462040.0
GOLD - COMMODITY EXCHANGE INC.,2024-12-10,2024-12-13,-296871.0,275586.0,21285.0,483346.0
GOLD - COMMODITY EXCHANGE INC.,2024-12-17,2024-12-20,-285233.0,262041.0,23192.0,466571.0
GOLD - COMMODITY EXCHANGE INC.,2024-12-24,2024-12-27,-273336.0,247629.0,25707.0,454646.0
GOLD - COMMODITY EXCHANGE INC.,2024-12-31,2025-01-03,-271296.0,247279.0,24017.0,458584.0
GOLD - COMMODITY EXCHANGE INC.,2025-01-07,2025-01-10,-278646.0,254911.0,23735.0,477043.0
GOLD - COMMODITY EXCHANGE INC.,2025-01-14,2025-01-17,-302452.0,279363.0,23089.0,526467.0
GOLD - COMMODITY EXCHANGE INC.,2025-01-21,2025-01-24,-326608.0,300784.0,25824.0,571387.0
GOLD - COMMODITY EXCHANGE INC.,2025-01-28,2025-01-31,-323722.0,299409.0,24313.0,577505.0
GOLD - COMMODITY EXCHANGE INC.,2025-02-04,2025-02-07,-328175.0,302508.0,25667.0,542004.0
GOLD - COMMODITY EXCHANGE INC.,2025-02-11,2025-02-14,-309888.0,284504.0,25384.0,528719.0
GOLD - COMMODITY EXCHANGE INC.,2025-02-18,2025-02-21,-296071.0,268674.0,27397.0,522330.0
GOLD - COMMODITY EXCHANGE INC.,2025-02-25,2025-02-28,-288100.0,261625.0,26475.0,512179.0
GOLD - COMMODITY EXCHANGE INC.,2025-03-04,2025-03-07,-271115.0,243261.0,27854.0,489270.0
GOLD - COMMODITY EXCHANGE INC.,2025-03-11,2025-03-14,-265188.0,236100.0,29088.0,511276.0
GOLD - COMMODITY EXCHANGE INC.,2025-03-18,2025-03-21,-285168.0,257932.0,27236.0,533566.0
GOLD - COMMODITY EXCHANGE INC.,2025-03-25,2025-03-28,-278598.0,249796.0,28802.0,511482.0
GOLD - COMMODITY EXCHANGE INC.,2025-04-01,2025-04-04,-265061.0,238434.0,26627.0,498746.0
GOLD - COMMODITY EXCHANGE INC.,2025-04-08,2025-04-11,-232183.0,200715.0,31468.0,445468.0
GOLD - COMMODITY EXCHANGE INC.,2025-04-15,2025-04-18,-231912.0,202210.0,29702.0,456628.0
GOLD - COMMODITY EXCHANGE INC.,2025-04-22,2025-04-25,-202268.0,175378.0,26890.0,465351.0
GOLD - COMMODITY EXCHANGE INC.,2025-04-29,2025-05-02,-190761.0,163318.0,27443.0,451868.0
GOLD - COMMODITY EXCHANGE INC.,2025-05-06,2025-05-09,-192103.0,162497.0,29606.0,452414.0
GOLD - COMMODITY EXCHANGE INC.,2025-05-13,2025-05-16,-191207.0,161209.0,29998.0,440842.0
GOLD - COMMODITY EXCHANGE INC.,2025-05-20,2025-05-23,-197648.0,163981.0,33667.0,448000.0
GOLD - COMMODITY EXCHANGE INC.,2025-05-27,2025-05-30,-207587.0,174184.0,33403.0,437538.0
GOLD - COMMODITY EXCHANGE INC.,2025-06-03,2025-06-06,-220826.0,187905.0,32921.0,415941.0
GOLD - COMMODITY EXCHANGE INC.,2025-06-10,2025-06-13,-222718.0,187481.0,35237.0,417143.0
GOLD - COMMODITY EXCHANGE INC.,2025-06-17,2025-06-20,-237727.0,200648.0,37079.0,441214.0
GOLD - COMMODITY EXCHANGE INC.,2025-06-24,2025-06-27,-230560.0,195004.0,35556.0,434958.0
GOLD - COMMODITY EXCHANGE INC.,2025-07-01,2025-07-04,-236069.0,201980.0,34089.0,437662.0
GOLD - COMMODITY EXCHANGE INC.,2025-07-08,2025-07-11,-238354.0,202968.0,35386.0,443144.0
GOLD - COMMODITY EXCHANGE INC.,2025-07-15,2025-07-18,-250688.0,213115.0,37573.0,448531.0
GOLD - COMMODITY EXCHANGE INC.,2025-07-22,2025-07-25,-282337.0,253038.0,29299.0,489423.0
GOLD - COMMODITY EXCHANGE INC.,2025-07-29,2025-08-01,-259079.0,223596.0,35483.0,445259.0
GOLD - COMMODITY EXCHANGE INC.,2025-08-05,2025-08-08,-270146.0,237050.0,33096.0,449647.0
GOLD - COMMODITY EXCHANGE INC.,2025-08-12,2025-08-15,-263065.0,229485.0,33580.0,446152.0
GOLD - COMMODITY EXCHANGE INC.,2025-08-19,2025-08-22,-249965.0,212590.0,37375.0,438541.0
GOLD - COMMODITY EXCHANGE INC.,2025-08-26,2025-08-29,-250965.0,214311.0,36654.0,443760.0
GOLD - COMMODITY EXCHANGE INC.,2025-09-02,2025-09-05,-273898.0,249530.0,24368.0,492908.0
GOLD - COMMODITY EXCHANGE INC.,2025-09-09,2025-09-12,-273375.0,261740.0,11635.0,509625.0
GOLD - COMMODITY EXCHANGE INC.,2025-09-16,2025-09-19,-302371.0,266410.0,35961.0,516221.0
GOLD - COMMODITY EXCHANGE INC.,2025-09-23,2025-09-26,-298403.0,266749.0,31654.0,528789.0
GOLD - COMMODITY EXCHANGE INC.,2025-09-30,2025-10-03,-288236.0,252908.0,35328.0,493748.0
GOLD - COMMODITY EXCHANGE INC.,2025-10-07,2025-10-10,-263772.0,231956.0,31816.0,485559.0
GOLD - COMMODITY EXCHANGE INC.,2025-10-14,2025-10-17,-236867.0,203916.0,32951.0,485788.0
GOLD - COMMODITY EXCHANGE INC.,2025-10-21,2025-10-24,-210117.0,176609.0,33508.0,472421.0
GOLD - COMMODITY EXCHANGE INC.,2025-10-28,2025-10-31,-237027.0,204664.0,32363.0,457122.0
GOLD - COMMODITY EXCHANGE INC.,2025-11-04,2025-11-07,-236542.0,202307.0,34235.0,450399.0
GOLD - COMMODITY EXCHANGE INC.,2025-11-10,2025-11-13,-244823.0,207069.0,37754.0,459997.0
GOLD - COMMODITY EXCHANGE INC.,2025-11-18,2025-11-21,-245585.0,210339.0,35246.0,471953.0
GOLD - COMMODITY EXCHANGE INC.,2025-11-25,2025-11-28,-241403.0,204588.0,36815.0,432946.0
GOLD - COMMODITY EXCHANGE INC.,2025-12-02,2025-12-05,-255348.0,217560.0,37788.0,418490.0
GOLD - COMMODITY EXCHANGE INC.,2025-12-09,2025-12-12,-262579.0,223886.0,38693.0,432569.0
GOLD - COMMODITY EXCHANGE INC.,2025-12-16,2025-12-19,-274358.0,233978.0,40380.0,471093.0
GOLD - COMMODITY EXCHANGE INC.,2025-12-23,2025-12-26,-283526.0,240700.0,42826.0,492103.0
GOLD - COMMODITY EXCHANGE INC.,2025-12-30,2026-01-02,-275246.0,231173.0,44073.0,481866.0
GOLD - COMMODITY EXCHANGE INC.,2026-01-06,2026-01-09,-272035.0,227632.0,44403.0,488116.0
GOLD - COMMODITY EXCHANGE INC.,2026-01-13,2026-01-16,-297106.0,251238.0,45868.0,527455.0
GOLD - COMMODITY EXCHANGE INC.,2026-01-20,2026-01-23,-289689.0,244770.0,44919.0,528004.0
GOLD - COMMODITY EXCHANGE INC.,2026-01-27,2026-01-30,-248285.0,205396.0,42889.0,488463.0
GOLD - COMMODITY EXCHANGE INC.,2026-02-03,2026-02-06,-207778.0,165604.0,42174.0,409694.0
GOLD - COMMODITY EXCHANGE INC.,2026-02-10,2026-02-13,-197738.0,160012.0,37726.0,404391.0
GOLD - COMMODITY EXCHANGE INC.,2026-02-17,2026-02-20,-196782.0,159915.0,36867.0,407078.0
GOLD - COMMODITY EXCHANGE INC.,2026-02-24,2026-02-27,-200806.0,159177.0,41629.0,420182.0
GOLD - COMMODITY EXCHANGE INC.,2026-03-03,2026-03-06,-200583.0,160145.0,40438.0,409789.0
GOLD - COMMODITY EXCHANGE INC.,2026-03-10,2026-03-13,-202976.0,163132.0,39844.0,413956.0
GOLD - COMMODITY EXCHANGE INC.,2026-03-17,2026-03-20,-198648.0,159869.0,38779.0,411388.0
GOLD - COMMODITY EXCHANGE INC.,2026-03-24,2026-03-27,-203828.0,168327.0,35501.0,403925.0
GOLD - COMMODITY EXCHANGE INC.,2026-03-31,2026-04-03,-201640.0,163202.0,38438.0,361409.0
GOLD - COMMODITY EXCHANGE INC.,2026-04-07,2026-04-10,-193751.0,156305.0,37446.0,354877.0
GOLD - COMMODITY EXCHANGE INC.,2026-04-14,2026-04-17,-201082.0,162526.0,38556.0,362274.0
GOLD - COMMODITY EXCHANGE INC.,2026-04-21,2026-04-24,-202940.0,164006.0,38934.0,365842.0
GOLD - COMMODITY EXCHANGE INC.,2026-04-28,2026-05-01,-194813.0,159571.0,35242.0,369530.0
GOLD - COMMODITY EXCHANGE INC.,2026-05-05,2026-05-08,-198935.0,163303.0,35632.0,367932.0
GOLD - COMMODITY EXCHANGE INC.,2026-05-12,2026-05-15,-210258.0,171622.0,38636.0,376496.0
GOLD - COMMODITY EXCHANGE INC.,2026-05-19,2026-05-22,-191629.0,159833.0,31796.0,379325.0
GOLD - COMMODITY EXCHANGE INC.,2026-05-26,2026-05-29,-185766.0,154260.0,31506.0,353489.0
GOLD - COMMODITY EXCHANGE INC.,2026-06-02,2026-06-05,-206345.0,176020.0,30325.0,326052.0
GOLD - COMMODITY EXCHANGE INC.,2026-06-09,2026-06-12,-201036.0,173837.0,27199.0,332709.0
GOLD - COMMODITY EXCHANGE INC.,2026-06-16,2026-06-19,-207563.0,180220.0,27343.0,339330.0
GOLD - COMMODITY EXCHANGE INC.,2026-06-23,2026-06-26,-205404.0,181339.0,24065.0,352167.0
